Feature,Importance
PC1,1.1427136659622192
PC2,0.9973835110664367
PC3,0.9459332406520844
PC4,0.9080518841743469
