Feature,Importance
PC1,1.2393497705459595
PC2,1.0838438391685485
PC3,0.9648785829544068
PC4,0.8536761581897736
